filename,label
images1.jpg,Glaucoma
images2.jpg,Normal
images3.jpg,Glaucoma
images4.jpg,Normal
images5.jpg,Glaucoma
images6.jpg,Normal
images7.jpg,Glaucoma
images8.jpg,Normal
images9.jpg,Glaucoma
images10.jpg,Normal
images11.jpg,Glaucoma
images12.jpg,Normal
images13.jpg,Glaucoma
images14.jpg,Normal
images15.jpg,Glaucoma
images16.jpg,Normal
images17.jpg,Glaucoma
images18.jpg,Normal
images19.jpg,Glaucoma
images20.jpg,Normal
images21.jpg,Glaucoma
images22.jpg,Normal
images23.jpg,Glaucoma
images24.jpg,Normal
images25.jpg,Glaucoma
images26.jpg,Normal
images27.jpg,Glaucoma
images28.jpg,Normal
images29.jpg,Glaucoma
images30.jpg,Normal
images31.jpg,Glaucoma
images32.jpg,Normal
images33.jpg,Glaucoma
images34.jpg,Normal
images35.jpg,Glaucoma
images36.jpg,Normal
images37.jpg,Glaucoma
images38.jpg,Normal
images39.jpg,Glaucoma
images40.jpg,Normal
images41.jpg,Glaucoma
images42.jpg,Normal
images43.jpg,Glaucoma
images44.jpg,Normal
images45.jpg,Glaucoma
images46.jpg,Normal
images47.jpg,Glaucoma
images48.jpg,Normal
images49.jpg,Glaucoma
images50.jpg,Normal
